Timestamp,Latitude,Longitude,Value
08/04/2013 04:31:33,-33.922908,18.855055,0
08/04/2013 04:31:02,-33.922908,18.855055,0
08/04/2013 04:30:31,-33.92291,18.855057,0
08/04/2013 04:30:00,-33.922912,18.855057,0
08/04/2013 04:29:29,-33.922922,18.855068,0
08/04/2013 04:28:58,-33.922952,18.854995,9.758606
08/04/2013 04:28:27,-33.920603,18.854017,32.54403
08/04/2013 04:27:56,-33.918853,18.851942,2.08291
08/04/2013 04:27:25,-33.918865,18.851925,0.794038
08/04/2013 04:26:54,-33.918972,18.851507,10.057808
08/04/2013 04:26:23,-33.91742,18.851097,20.886639
08/04/2013 04:25:52,-33.916193,18.848902,24.580639
08/04/2013 04:25:21,-33.915862,18.846327,15.846227
08/04/2013 04:24:50,-33.915567,18.845012,15.3629
08/04/2013 04:24:20,-33.916615,18.843163,11.001447
08/04/2013 04:23:49,-33.918432,18.841555,16.490663
08/04/2013 04:23:18,-33.919053,18.842395,2.140449
08/04/2013 04:22:47,-33.918747,18.842158,0
08/04/2013 04:22:16,-33.918765,18.842177,0
08/04/2013 04:21:45,-33.918767,18.842178,1.09324
08/04/2013 04:21:14,-33.918715,18.84214,4.004711
08/04/2013 04:20:43,-33.919215,18.842033,6.881658
08/04/2013 04:20:12,-33.919143,18.842,0
08/04/2013 04:19:42,-33.919103,18.841965,6.386823
08/04/2013 04:19:10,-33.917922,18.842127,6.524917
08/04/2013 04:18:39,-33.91678,18.84301,11.991117
08/04/2013 04:18:08,-33.91596,18.843465,0
08/04/2013 04:17:37,-33.916088,18.843333,0
08/04/2013 04:17:06,-33.916087,18.843342,0
08/04/2013 04:16:36,-33.915747,18.843415,9.965746
08/04/2013 04:16:05,-33.915703,18.842997,17.998184
08/04/2013 04:15:34,-33.916707,18.840975,9.413372
08/04/2013 04:15:03,-33.916252,18.840993,0
08/04/2013 04:14:32,-33.916248,18.840992,0
08/04/2013 04:14:01,-33.916243,18.84099,0
08/04/2013 04:13:30,-33.916243,18.84099,0.115078
08/04/2013 04:12:59,-33.916097,18.842162,13.003803
08/04/2013 04:12:28,-33.915733,18.84278,3.245197
08/04/2013 04:11:58,-33.916998,18.842795,9.436388
08/04/2013 04:11:27,-33.918957,18.841132,19.252533
08/04/2013 04:10:55,-33.920647,18.840508,12.094687
08/04/2013 04:10:25,-33.919903,18.840828,15.431946
08/04/2013 04:09:54,-33.919513,18.841168,0.011508
08/04/2013 04:09:23,-33.919513,18.841177,0
08/04/2013 04:08:52,-33.919518,18.841188,0
08/04/2013 04:08:21,-33.919513,18.841188,0.20714
08/04/2013 04:07:50,-33.919375,18.84127,17.848582
08/04/2013 04:07:19,-33.919385,18.841777,0
08/04/2013 04:06:48,-33.920017,18.842015,9.32131
08/04/2013 04:06:17,-33.920465,18.842173,11.116525
08/04/2013 04:05:46,-33.922033,18.842497,6.674518
08/04/2013 04:05:16,-33.921992,18.843422,8.389179
08/04/2013 04:04:45,-33.922268,18.843982,13.187927
08/04/2013 04:04:14,-33.922555,18.845178,0
08/04/2013 04:03:43,-33.922582,18.845715,11.058986
08/04/2013 04:03:12,-33.922598,18.846023,0.552374
08/04/2013 04:02:41,-33.921968,18.84732,21.208857
08/04/2013 04:02:10,-33.922507,18.847657,9.459403
08/04/2013 04:01:39,-33.922532,18.847962,0
08/04/2013 04:01:08,-33.92253,18.847962,0
08/04/2013 04:00:38,-33.922535,18.847965,0
08/04/2013 04:00:06,-33.922535,18.84798,0
08/04/2013 03:59:35,-33.922537,18.84798,0
08/04/2013 03:59:04,-33.92249,18.848148,0.655944
08/04/2013 03:58:34,-33.921648,18.847825,17.65295
08/04/2013 03:58:03,-33.920202,18.848583,9.678051
08/04/2013 03:57:32,-33.91974,18.847987,0
08/04/2013 03:57:00,-33.919172,18.848252,6.616979
08/04/2013 03:56:30,-33.918592,18.848647,0
08/04/2013 03:56:00,-33.918257,18.848853,11.415728
08/04/2013 03:55:28,-33.917563,18.849652,0.115078
08/04/2013 03:54:57,-33.917555,18.849655,0
08/04/2013 03:54:26,-33.917557,18.849655,0
08/04/2013 03:53:55,-33.917557,18.849653,0
08/04/2013 03:53:24,-33.917557,18.84965,0
08/04/2013 03:52:53,-33.917557,18.84965,0
08/04/2013 03:52:22,-33.917557,18.84965,0
08/04/2013 03:51:51,-33.917557,18.849648,0
08/04/2013 03:51:20,-33.917863,18.850352,8.768936
08/04/2013 03:50:50,-33.918272,18.85095,8.757428
08/04/2013 03:50:19,-33.918563,18.851085,0
08/04/2013 03:49:47,-33.91855,18.851085,0.023016
08/04/2013 03:49:17,-33.918545,18.851085,0
08/04/2013 03:48:46,-33.918545,18.851087,0
08/04/2013 03:48:15,-33.918545,18.851085,0
08/04/2013 03:47:44,-33.918543,18.851078,0
08/04/2013 03:47:13,-33.918778,18.85131,3.233689
08/04/2013 03:46:42,-33.919058,18.851675,12.7046
08/04/2013 03:46:11,-33.916658,18.85086,37.02056
08/04/2013 03:45:40,-33.91235,18.84825,51.255697
08/04/2013 03:45:09,-33.906822,18.844738,50.09341
08/04/2013 03:44:38,-33.902777,18.84071,28.642889
08/04/2013 03:44:07,-33.901848,18.839918,5.845957
08/04/2013 03:43:42,-33.898003,18.836833,50.542214
08/04/2013 03:43:40,-33.893672,18.830982,55.410009
08/04/2013 03:43:38,-33.88933,18.824498,56.721897
08/04/2013 03:43:36,-33.883552,18.819742,55.179853
08/04/2013 03:41:33,-33.878383,18.815202,47.423603
08/04/2013 03:41:02,-33.874972,18.813667,22.394159
08/04/2013 03:40:31,-33.876958,18.807803,50.657292
08/04/2013 03:40:00,-33.878028,18.80075,44.799826
08/04/2013 03:39:29,-33.877992,18.792938,53.499716
08/04/2013 03:38:58,-33.87793,18.785218,52.417983
08/04/2013 03:38:27,-33.877825,18.777112,54.546925
08/04/2013 03:37:56,-33.877618,18.769055,53.027896
08/04/2013 03:37:25,-33.880738,18.762157,54.431847
08/04/2013 03:36:56,-33.883018,18.754808,47.112892
08/04/2013 03:36:54,-33.88563,18.748723,42.199066
08/04/2013 03:35:53,-33.887258,18.745732,17.745012
08/04/2013 03:35:25,-33.88369,18.74264,42.924057
08/04/2013 03:34:52,-33.87976,18.740088,28.976615
08/04/2013 03:34:20,-33.876145,18.737708,36.560249
08/04/2013 03:33:50,-33.872137,18.735055,35.294392
08/04/2013 03:33:18,-33.868333,18.732667,19.816414
08/04/2013 03:32:47,-33.864505,18.735068,40.852654
08/04/2013 03:32:16,-33.859905,18.736603,31.565868
08/04/2013 03:31:45,-33.85741,18.738673,17.422794
08/04/2013 03:31:15,-33.857193,18.739035,0
08/04/2013 03:30:43,-33.857193,18.739035,0
08/04/2013 03:30:12,-33.857193,18.739037,0
08/04/2013 03:29:41,-33.857193,18.739037,0
08/04/2013 03:29:11,-33.857193,18.739038,0
08/04/2013 03:28:40,-33.85719,18.739042,1.035701
08/04/2013 03:28:09,-33.85752,18.740315,13.233958
08/04/2013 03:27:38,-33.858397,18.742343,16.858912
08/04/2013 03:27:07,-33.858595,18.742845,3.417814
08/04/2013 03:26:36,-33.85821,18.74201,8.872506
08/04/2013 03:26:05,-33.857828,18.741103,0.748006
08/04/2013 03:25:34,-33.857383,18.740078,0
08/04/2013 03:25:03,-33.857383,18.740078,0
08/04/2013 03:24:32,-33.857383,18.740077,0
08/04/2013 03:24:01,-33.85738,18.740077,0
08/04/2013 03:23:31,-33.85738,18.740077,0
08/04/2013 03:22:59,-33.85738,18.740078,0
08/04/2013 03:22:28,-33.85738,18.740078,0
08/04/2013 03:21:58,-33.85738,18.740078,0.172617
08/04/2013 03:21:27,-33.857363,18.740027,6.409839
08/04/2013 03:20:56,-33.857265,18.739792,1.150779
08/04/2013 03:20:25,-33.857027,18.739267,3.866617
08/04/2013 03:19:54,-33.855307,18.740137,13.153404
08/04/2013 03:19:23,-33.853008,18.74134,27.745282
08/04/2013 03:18:52,-33.851078,18.741262,31.151588
08/04/2013 03:18:21,-33.84784,18.737852,27.354017
08/04/2013 03:17:51,-33.845963,18.736232,26.847674
08/04/2013 03:17:19,-33.842412,18.73603,34.719002
08/04/2013 03:16:48,-33.838965,18.735722,13.820856
08/04/2013 03:16:17,-33.837465,18.735738,9.758606
08/04/2013 03:15:46,-33.834552,18.739583,47.929945
08/04/2013 03:15:16,-33.832372,18.747173,59.253611
08/04/2013 03:14:44,-33.830093,18.755247,59.955586
08/04/2013 03:14:14,-33.827715,18.763823,59.736938
08/04/2013 03:13:42,-33.825395,18.772175,56.606819
08/04/2013 03:13:11,-33.82322,18.779958,55.386993
08/04/2013 03:12:40,-33.820938,18.788168,56.560788
08/04/2013 03:12:09,-33.818597,18.796465,60.92224
08/04/2013 03:11:38,-33.816137,18.805195,60.749623
08/04/2013 03:11:07,-33.813673,18.813978,59.506782
08/04/2013 03:10:39,-33.811327,18.82243,58.896869
08/04/2013 03:10:05,-33.80913,18.830257,54.627479
08/04/2013 03:09:46,-33.806778,18.838633,58.079816
08/04/2013 03:09:44,-33.804587,18.846475,56.468726
08/04/2013 03:09:42,-33.802878,18.852623,55.410009
08/04/2013 03:07:55,-33.79985,18.863847,56.158015
08/04/2013 03:07:25,-33.798367,18.872497,59.852016
08/04/2013 03:06:53,-33.796913,18.88127,53.994551
08/04/2013 03:06:23,-33.795567,18.88817,48.8966
08/04/2013 03:05:52,-33.794018,18.895765,53.350114
08/04/2013 03:05:21,-33.79245,18.903435,52.48703
08/04/2013 03:04:50,-33.790907,18.910898,48.723983
08/04/2013 03:04:19,-33.78939,18.918275,50.703323
08/04/2013 03:03:47,-33.787947,18.925378,49.725161
08/04/2013 03:03:16,-33.786478,18.9325,50.933479
08/04/2013 03:02:45,-33.784862,18.94048,57.584981
08/04/2013 03:02:14,-33.782368,18.948198,60.162726
08/04/2013 03:01:44,-33.777885,18.954732,51.808071
08/04/2013 03:01:13,-33.77356,18.960698,57.009592
08/04/2013 03:00:42,-33.76868,18.967445,62.337698
08/04/2013 03:00:19,-33.763722,18.974317,59.610352
08/04/2013 03:00:17,-33.758598,18.981408,60.392882
08/04/2013 03:00:15,-33.753487,18.988475,69.15031
08/04/2013 03:00:13,-33.748282,18.995693,60.553991
08/04/2013 03:00:11,-33.744443,19.001082,66.492011
08/04/2013 02:59:42,-32.40104,22.673737,73.615333
08/04/2013 02:59:39,-32.406343,22.682415,73.051451
08/04/2013 02:59:36,-32.411705,22.691195,73.960566
08/04/2013 02:59:33,-32.417185,22.700175,75.675227
08/04/2013 02:59:30,-32.422648,22.709193,74.61651
08/04/2013 02:59:27,-32.427925,22.71787,68.321749
08/04/2013 02:59:24,-32.432778,22.725777,67.055892
08/04/2013 02:59:21,-32.43786,22.734133,72.591139
08/04/2013 02:59:18,-32.443185,22.74287,74.121675
08/04/2013 02:59:15,-32.448603,22.751768,73.603825
08/04/2013 02:59:12,-32.453773,22.760258,72.694709
08/04/2013 02:59:09,-32.459072,22.768965,72.752248
08/04/2013 02:59:05,-32.464385,22.777718,72.729233
07/04/2013 21:48:41,-32.496125,22.82994,71.589962
07/04/2013 21:48:32,-32.501255,22.838368,67.182478
07/04/2013 21:46:48,-32.505918,22.846057,59.771461
07/04/2013 21:46:45,-32.510703,22.853898,68.862615
07/04/2013 21:44:58,-32.51495,22.862788,75.030791
07/04/2013 21:44:56,-32.517777,22.873027,72.844311
07/04/2013 21:44:54,-32.520545,22.882967,65.398771
07/04/2013 21:44:52,-32.523295,22.892842,75.491102
07/04/2013 21:42:11,-32.526205,22.903282,72.844311
07/04/2013 21:41:40,-32.529025,22.913413,71.647501
07/04/2013 21:41:09,-32.531827,22.923425,70.749893
07/04/2013 21:40:38,-32.534592,22.933442,72.464554
07/04/2013 21:40:07,-32.53745,22.943768,74.754604
07/04/2013 21:39:36,-32.540402,22.954383,73.868504
07/04/2013 21:39:05,-32.543227,22.964537,71.187189
07/04/2013 21:38:34,-32.546032,22.97463,74.20223
07/04/2013 21:38:18,-32.548915,22.985045,74.018105
07/04/2013 21:38:16,-32.55167,22.994965,73.120498
07/04/2013 21:38:14,-32.554592,23.005488,72.441538
07/04/2013 21:38:12,-32.557415,23.015662,72.602647
07/04/2013 21:38:10,-32.560265,23.02597,73.822473
07/04/2013 21:38:08,-32.563118,23.036287,72.545108
07/04/2013 21:38:06,-32.56598,23.046648,74.052629
07/04/2013 21:38:03,-32.568092,23.054265,72.176859
07/04/2013 21:37:19,-32.570902,23.06723,75.019283
07/04/2013 21:37:15,-32.571537,23.078077,74.121675
07/04/2013 21:37:13,-32.572187,23.089113,74.225245
07/04/2013 21:37:10,-32.572812,23.099763,70.611799
07/04/2013 21:37:07,-32.57326,23.107622,72.510585
07/04/2013 21:37:04,-32.573735,23.116178,67.021369
07/04/2013 21:37:00,-32.574245,23.124712,57.95323
07/04/2013 21:36:58,-32.574852,23.135173,75.042299
07/04/2013 21:36:55,-32.575478,23.146188,74.51294
07/04/2013 21:36:41,-32.57611,23.157053,73.062959
07/04/2013 21:36:38,-32.576748,23.167983,73.856996
07/04/2013 21:36:36,-32.577367,23.178868,68.966185
07/04/2013 21:36:32,-32.577557,23.189012,70.013394
07/04/2013 21:36:29,-32.577673,23.199405,70.105457
07/04/2013 21:36:26,-32.577772,23.206877,65.651942
07/04/2013 21:36:23,-32.577885,23.216828,73.707395
07/04/2013 21:36:21,-32.578012,23.227903,77.056162
07/04/2013 21:36:17,-32.578152,23.23938,77.896231
07/04/2013 21:36:14,-32.57829,23.250748,76.124031
07/04/2013 21:36:11,-32.578423,23.261927,75.283962
07/04/2013 21:36:08,-32.578557,23.272918,73.707395
07/04/2013 21:36:06,-32.578677,23.28325,64.09839
07/04/2013 21:36:02,-32.578343,23.292052,66.066222
07/04/2013 21:22:27,-32.57719,23.302532,74.904205
07/04/2013 21:21:55,-32.575993,23.313387,73.350653
07/04/2013 21:21:24,-32.574818,23.323965,70.646323
07/04/2013 21:20:53,-32.573595,23.334938,76.434741
07/04/2013 21:20:22,-32.572368,23.346033,75.283962
07/04/2013 21:19:51,-32.571155,23.356973,73.89152
07/04/2013 21:19:20,-32.569972,23.367728,74.282784
07/04/2013 21:18:50,-32.568768,23.378447,74.892697
07/04/2013 21:18:18,-32.56758,23.389287,73.028435
07/04/2013 21:17:48,-32.566405,23.39988,72.314952
07/04/2013 21:17:17,-32.565202,23.410642,74.029613
07/04/2013 21:16:46,-32.563977,23.421722,76.918068
07/04/2013 21:16:15,-32.562768,23.43265,72.821295
07/04/2013 21:15:44,-32.561573,23.443295,73.477239
07/04/2013 21:15:13,-32.560408,23.453757,73.937551
07/04/2013 21:14:44,-32.559203,23.464542,73.235576
07/04/2013 21:14:11,-32.558013,23.475143,72.257413
07/04/2013 21:13:40,-32.55682,23.485803,74.340323
07/04/2013 21:13:10,-32.555598,23.496745,74.743096
07/04/2013 21:12:41,-32.554372,23.507703,76.204585
07/04/2013 21:12:39,-32.553145,23.518713,74.156199
07/04/2013 21:12:37,-32.551953,23.529542,71.612977
07/04/2013 21:12:35,-32.54929,23.539543,73.511763
07/04/2013 21:12:34,-32.542375,23.547055,75.39904
07/04/2013 21:12:31,-32.53462,23.55352,75.732766
07/04/2013 21:09:32,-32.52709,23.56026,74.950236
07/04/2013 21:09:02,-32.523402,23.5705,77.297825
07/04/2013 21:08:30,-32.521328,23.581665,76.28514
07/04/2013 21:08:16,-32.519363,23.592218,73.396685
07/04/2013 21:08:14,-32.517365,23.602992,73.224068
07/04/2013 21:08:12,-32.5154,23.613522,73.132005
07/04/2013 21:08:10,-32.513398,23.624313,75.445071
07/04/2013 21:08:08,-32.511432,23.634872,75.249439
07/04/2013 21:08:07,-32.50959,23.645738,73.477239
07/04/2013 21:08:04,-32.508017,23.656417,74.052629
07/04/2013 21:08:02,-32.506435,23.66706,73.454224
07/04/2013 21:08:00,-32.504268,23.674842,76.676405
07/04/2013 21:07:35,-32.499472,23.689425,75.468087
07/04/2013 21:07:28,-32.496127,23.699587,75.629196
07/04/2013 21:07:24,-32.493048,23.709888,72.510585
07/04/2013 21:07:21,-32.491175,23.720183,75.905383
07/04/2013 21:07:18,-32.489197,23.731005,74.812143
07/04/2013 21:07:16,-32.48719,23.74199,76.676405
07/04/2013 21:07:12,-32.485187,23.752978,75.652211
07/04/2013 21:07:09,-32.483177,23.763977,77.286318
07/04/2013 21:07:05,-32.481018,23.77494,75.732766
07/04/2013 21:07:03,-32.478768,23.78573,76.308155
07/04/2013 21:06:59,-32.47647,23.796708,75.387532
07/04/2013 20:57:37,-32.474242,23.807422,74.501432
07/04/2013 20:57:07,-32.471957,23.81824,73.868504
07/04/2013 20:56:36,-32.469322,23.828677,78.644237
07/04/2013 20:56:04,-32.466662,23.839418,73.741918
07/04/2013 20:55:33,-32.464032,23.849923,74.581987
07/04/2013 20:55:02,-32.461408,23.860392,74.40937
07/04/2013 20:54:31,-32.458767,23.870963,72.694709
07/04/2013 20:54:00,-32.459218,23.881108,64.535686
07/04/2013 20:53:30,-32.459843,23.890303,60.553991
07/04/2013 20:52:59,-32.46042,23.898743,53.775903
07/04/2013 20:52:28,-32.461002,23.90736,66.158285
07/04/2013 20:51:59,-32.461692,23.917448,69.748715
07/04/2013 20:51:26,-32.462337,23.92766,68.678491
07/04/2013 20:50:55,-32.462743,23.937585,66.699151
07/04/2013 20:50:24,-32.46315,23.94749,65.490833
07/04/2013 20:49:53,-32.463525,23.956578,60.266296
07/04/2013 20:49:22,-32.463858,23.964498,43.706586
07/04/2013 20:48:51,-32.464042,23.968303,5.293583
07/04/2013 20:48:24,-32.464085,23.968535,0
07/04/2013 20:47:49,-32.464085,23.968535,0
07/04/2013 20:47:18,-32.464083,23.968535,0
07/04/2013 20:46:47,-32.464083,23.968533,0
07/04/2013 20:46:17,-32.464083,23.968532,0
07/04/2013 20:45:46,-32.464082,23.96853,0
07/04/2013 20:45:15,-32.464083,23.96853,0
07/04/2013 20:44:44,-32.464083,23.96853,0
07/04/2013 20:44:13,-32.464083,23.96853,0
07/04/2013 20:43:42,-32.464083,23.96853,0
07/04/2013 20:43:11,-32.464082,23.96853,0.046031
07/04/2013 20:42:40,-32.46408,23.968528,0
07/04/2013 20:42:09,-32.464078,23.968525,0
07/04/2013 20:41:39,-32.464077,23.968523,0
07/04/2013 20:41:07,-32.464075,23.968523,0
07/04/2013 20:40:36,-32.464075,23.968522,0
07/04/2013 20:40:06,-32.464073,23.96852,0
07/04/2013 20:39:35,-32.464073,23.96852,0
07/04/2013 20:39:04,-32.464072,23.968518,0
07/04/2013 20:38:33,-32.464072,23.968518,0
07/04/2013 20:38:02,-32.464072,23.968517,0
07/04/2013 20:37:31,-32.464072,23.968517,0
07/04/2013 20:37:00,-32.464072,23.968515,0
07/04/2013 20:36:29,-32.464072,23.968515,0
07/04/2013 20:35:58,-32.464072,23.968513,0
07/04/2013 20:35:27,-32.464072,23.96851,0
07/04/2013 20:34:56,-32.464072,23.968507,0
07/04/2013 20:34:25,-32.464072,23.968505,0
07/04/2013 20:33:54,-32.464072,23.968503,0
07/04/2013 20:33:24,-32.46407,23.968502,0
07/04/2013 20:32:52,-32.46407,23.968502,0
07/04/2013 20:32:22,-32.464113,23.9708,48.770014
07/04/2013 20:31:51,-32.464445,23.978897,58.079816
07/04/2013 20:31:20,-32.464807,23.9876,58.413542
07/04/2013 20:30:49,-32.465138,23.995993,56.34214
07/04/2013 20:30:18,-32.46548,24.0042,56.871498
07/04/2013 20:29:47,-32.465825,24.012898,65.628926
07/04/2013 20:29:16,-32.466325,24.022872,67.861438
07/04/2013 20:28:46,-32.46826,24.032718,68.218179
07/04/2013 20:28:15,-32.470207,24.041863,54.926682
07/04/2013 20:27:44,-32.471688,24.048783,39.414181
07/04/2013 20:27:13,-32.471915,24.052028,27.561157
07/04/2013 20:26:42,-32.469088,24.05937,65.951144
07/04/2013 20:26:11,-32.467902,24.069353,68.874123
07/04/2013 20:25:40,-32.465853,24.079178,70.531245
07/04/2013 20:25:09,-32.460542,24.088283,71.33679
07/04/2013 20:24:38,-32.455708,24.096565,72.510585
07/04/2013 20:24:07,-32.450593,24.105342,71.774086
07/04/2013 20:23:36,-32.445695,24.113735,71.244728
07/04/2013 20:23:05,-32.440693,24.122308,72.211382
07/04/2013 20:22:36,-32.435492,24.131213,73.661364
07/04/2013 20:22:03,-32.430315,24.140122,72.717725
07/04/2013 20:21:33,-32.424828,24.148627,74.731588
07/04/2013 20:21:02,-32.417737,24.155812,75.663719
07/04/2013 20:20:30,-32.410277,24.16257,76.147046
07/04/2013 20:20:11,-32.40583,24.17299,75.353009
07/04/2013 20:20:09,-32.401915,24.182663,74.927221
07/04/2013 20:18:58,-32.397917,24.192605,73.546286
07/04/2013 20:18:27,-32.394003,24.20234,72.970896
07/04/2013 20:17:56,-32.39004,24.212187,74.904205
07/04/2013 20:17:25,-32.386077,24.22197,72.913357
07/04/2013 20:16:54,-32.38242,24.232278,75.905383
07/04/2013 20:16:23,-32.379323,24.242418,74.478417
07/04/2013 20:15:54,-32.376025,24.25333,75.226423
07/04/2013 20:15:21,-32.372928,24.263582,76.791483
07/04/2013 20:14:50,-32.369173,24.274032,76.526803
07/04/2013 20:14:20,-32.364808,24.284248,79.864063
07/04/2013 20:13:48,-32.357995,24.29246,75.928398
07/04/2013 20:13:18,-32.353738,24.301923,74.858174
07/04/2013 20:12:46,-32.352423,24.31298,75.686735
07/04/2013 20:12:15,-32.351108,24.323975,74.961744
07/04/2013 20:11:44,-32.34982,24.33472,71.900672
07/04/2013 20:11:14,-32.348535,24.345432,73.833981
07/04/2013 20:10:43,-32.34724,24.356315,75.272454
07/04/2013 20:10:12,-32.344333,24.36688,77.06767
07/04/2013 20:09:41,-32.341857,24.377382,74.075644
07/04/2013 20:09:10,-32.342105,24.388062,71.992734
07/04/2013 20:08:39,-32.342367,24.398715,76.262124
07/04/2013 20:08:08,-32.342353,24.409992,76.607358
07/04/2013 20:07:37,-32.340227,24.4213,78.356542
07/04/2013 20:07:07,-32.335912,24.431357,75.306978
07/04/2013 20:06:36,-32.331433,24.440917,71.244728
07/04/2013 20:06:04,-32.327012,24.450315,75.870859
07/04/2013 20:05:33,-32.322217,24.460567,81.221982
07/04/2013 20:05:03,-32.31742,24.470775,76.089507
07/04/2013 20:04:32,-32.312822,24.480595,77.873215
07/04/2013 20:04:01,-32.308112,24.490555,75.065314
07/04/2013 20:03:29,-32.304118,24.499078,64.938459
07/04/2013 20:02:59,-32.300148,24.508117,72.11932
07/04/2013 20:02:28,-32.298302,24.518762,72.188367
07/04/2013 20:01:57,-32.296223,24.527748,60.81867
07/04/2013 20:01:27,-32.291152,24.534082,66.952322
07/04/2013 20:00:56,-32.28328,24.539567,80.727147
07/04/2013 20:00:24,-32.274737,24.545608,81.198966
07/04/2013 19:59:53,-32.266165,24.542735,66.595581
07/04/2013 19:59:22,-32.259652,24.53896,52.233859
07/04/2013 19:58:51,-32.254867,24.537078,23.32629
07/04/2013 19:58:20,-32.252357,24.536092,32.060703
07/04/2013 19:57:50,-32.250943,24.535852,2.520206
07/04/2013 19:57:19,-32.250083,24.538603,11.358189
07/04/2013 19:56:50,-32.245102,24.538058,58.919885
07/04/2013 19:56:17,-32.23643,24.535382,71.106634
07/04/2013 19:55:46,-32.228232,24.537905,72.291937
07/04/2013 19:55:15,-32.219853,24.542122,71.80861
07/04/2013 19:54:44,-32.211947,24.546627,71.728055
07/04/2013 19:54:12,-32.203505,24.551372,75.652211
07/04/2013 19:53:41,-32.195132,24.555233,77.597028
07/04/2013 19:53:10,-32.186395,24.559795,68.701506
07/04/2013 19:52:40,-32.178415,24.564002,75.180392
07/04/2013 19:52:09,-32.16981,24.567743,73.753426
07/04/2013 19:51:46,-32.160867,24.571573,76.607358
07/04/2013 19:51:44,-32.151783,24.575783,80.082711
07/04/2013 19:51:41,-32.14218,24.576875,82.211652
07/04/2013 19:50:05,-32.133915,24.579657,70.784416
07/04/2013 19:49:34,-32.129667,24.589187,75.260947
07/04/2013 19:49:15,-32.124262,24.59812,76.296648
07/04/2013 19:49:13,-32.118763,24.607213,71.037588
07/04/2013 19:49:11,-32.113105,24.609005,62.038496
07/04/2013 19:44:13,-32.045115,24.617693,70.473706
07/04/2013 19:43:42,-32.036465,24.621908,71.118142
07/04/2013 19:43:12,-32.029427,24.627697,69.863793
07/04/2013 19:42:41,-32.02341,24.635137,71.095127
07/04/2013 19:42:11,-32.017443,24.643163,73.937551
07/04/2013 19:41:39,-32.011528,24.651398,72.383999
07/04/2013 19:41:08,-32.005747,24.659445,71.705039
07/04/2013 19:40:37,-32.000087,24.668283,73.603825
07/04/2013 19:40:06,-31.994713,24.677133,79.737477
07/04/2013 19:39:36,-31.988768,24.686935,84.283054
07/04/2013 19:39:04,-31.9826,24.697197,85.560419
07/04/2013 19:38:33,-31.976267,24.707725,87.988562
07/04/2013 19:38:03,-31.969443,24.716662,74.121675
07/04/2013 19:37:31,-31.963602,24.72367,71.589962
07/04/2013 19:37:00,-31.95595,24.727303,67.309064
07/04/2013 19:36:29,-31.948425,24.725743,63.99482
07/04/2013 19:35:58,-31.941748,24.731622,72.360984
07/04/2013 19:35:27,-31.934675,24.739493,76.549819
07/04/2013 19:34:56,-31.927953,24.746945,76.377202
07/04/2013 19:34:25,-31.921212,24.754185,62.809518
07/04/2013 19:33:54,-31.916237,24.759355,39.091963
07/04/2013 19:33:24,-31.915388,24.762475,44.926412
07/04/2013 19:33:07,-31.915622,24.77097,64.685288
07/04/2013 19:33:05,-31.915275,24.781283,70.980049
07/04/2013 19:33:03,-31.914908,24.792707,77.666075
07/04/2013 19:33:01,-31.914537,24.804645,84.950506
07/04/2013 19:32:59,-31.916487,24.816287,82.234667
07/04/2013 19:32:57,-31.920472,24.827307,83.293384
07/04/2013 19:32:55,-31.924702,24.839027,89.012756
07/04/2013 19:32:52,-31.927988,24.848148,88.080625
07/04/2013 19:32:08,-31.93066,24.857352,77.907738
07/04/2013 19:32:05,-31.93296,24.868455,78.540667
07/04/2013 19:32:02,-31.93279,24.879258,79.070025
07/04/2013 19:31:59,-31.92837,24.88862,72.464554
07/04/2013 19:31:56,-31.928072,24.898558,73.304622
07/04/2013 19:31:53,-31.933607,24.907655,74.190722
07/04/2013 19:31:50,-31.93999,24.913463,67.17097
07/04/2013 19:31:47,-31.946348,24.919732,63.143244
07/04/2013 19:31:44,-31.951392,24.925545,43.867695
07/04/2013 19:31:41,-31.953045,24.93022,34.500354
07/04/2013 19:31:38,-31.949927,24.93365,35.3059
07/04/2013 19:31:35,-31.945627,24.934097,34.868604
07/04/2013 19:22:47,-31.942473,24.93684,34.350753
07/04/2013 19:22:16,-31.942877,24.941572,33.683301
07/04/2013 19:21:46,-31.943385,24.947048,46.951783
07/04/2013 19:21:15,-31.942202,24.954023,44.143882
07/04/2013 19:20:43,-31.942673,24.959803,38.712206
07/04/2013 19:20:13,-31.943287,24.965233,36.928498
07/04/2013 19:19:42,-31.942238,24.970623,45.087521
07/04/2013 19:19:10,-31.945563,24.977602,62.291667
07/04/2013 19:18:39,-31.949513,24.985542,63.557524
07/04/2013 19:18:11,-31.953372,24.993788,65.341232
07/04/2013 19:17:38,-31.95483,25.00306,63.419431
07/04/2013 19:17:06,-31.955927,25.012158,61.796832
07/04/2013 19:16:36,-31.957022,25.021232,64.374577
07/04/2013 19:16:05,-31.95818,25.030913,67.147955
07/04/2013 19:15:34,-31.961108,25.039425,65.433294
07/04/2013 19:15:03,-31.96547,25.047623,64.006328
07/04/2013 19:14:32,-31.967825,25.055985,60.956764
07/04/2013 19:14:02,-31.970067,25.065318,68.034054
07/04/2013 19:13:30,-31.972575,25.074697,70.772908
07/04/2013 19:13:00,-31.976887,25.083903,70.24355
07/04/2013 19:12:28,-31.981117,25.092927,71.072111
07/04/2013 19:11:58,-31.985328,25.101897,68.287226
07/04/2013 19:11:26,-31.989268,25.110292,63.776172
07/04/2013 19:10:56,-31.992985,25.118217,55.329454
07/04/2013 19:10:25,-31.996067,25.124768,52.901311
07/04/2013 19:09:54,-31.999633,25.132385,63.960297
07/04/2013 19:09:23,-32.004597,25.140453,76.377202
07/04/2013 19:08:53,-32.009945,25.148843,74.087152
07/04/2013 19:08:21,-32.015225,25.1571,65.145599
07/04/2013 19:07:50,-32.020157,25.165553,76.49228
07/04/2013 19:07:20,-32.02359,25.17602,77.113701
07/04/2013 19:06:50,-32.02755,25.186328,78.011308
07/04/2013 19:06:17,-32.031685,25.196348,75.928398
07/04/2013 19:05:47,-32.035023,25.20689,72.924865
07/04/2013 19:05:16,-32.03717,25.217267,72.614155
07/04/2013 19:04:45,-32.039332,25.227708,69.898316
07/04/2013 19:04:14,-32.041407,25.237657,66.607089
07/04/2013 19:03:43,-32.04241,25.247065,66.468995
07/04/2013 19:03:12,-32.041492,25.257133,66.123761
07/04/2013 19:02:41,-32.040335,25.267053,67.055892
07/04/2013 19:02:10,-32.039612,25.27737,73.385177
07/04/2013 19:01:39,-32.04144,25.287447,71.831625
07/04/2013 19:01:09,-32.043195,25.296717,53.212021
07/04/2013 19:00:37,-32.044688,25.304592,62.786502
07/04/2013 19:00:07,-32.046403,25.31368,63.764664
07/04/2013 18:59:36,-32.048058,25.322465,58.194894
07/04/2013 18:59:07,-32.051758,25.32947,56.319124
07/04/2013 18:58:34,-32.053155,25.33774,63.419431
07/04/2013 18:58:04,-32.05438,25.3474,66.975338
07/04/2013 18:57:32,-32.056198,25.357085,68.505874
07/04/2013 18:57:04,-32.057813,25.366168,67.596758
07/04/2013 18:57:02,-32.062927,25.374847,75.847844
07/04/2013 18:57:00,-32.06828,25.38306,64.731319
07/04/2013 18:55:53,-32.071352,25.392087,77.942262
07/04/2013 18:54:57,-32.075268,25.40157,71.083619
07/04/2013 18:54:26,-32.079868,25.409787,66.330902
07/04/2013 18:53:55,-32.083282,25.419543,73.62684
07/04/2013 18:53:24,-32.087878,25.42915,74.961744
07/04/2013 18:52:53,-32.092453,25.438705,72.763756
07/04/2013 18:52:22,-32.096238,25.447305,60.841686
07/04/2013 18:51:51,-32.098962,25.455905,65.030521
07/04/2013 18:51:21,-32.102385,25.465092,71.106634
07/04/2013 18:50:50,-32.106852,25.474438,73.718903
07/04/2013 18:50:19,-32.111485,25.484095,75.422056
07/04/2013 18:49:49,-32.115943,25.49342,70.911002
07/04/2013 18:49:17,-32.120282,25.50248,68.874123
07/04/2013 18:48:46,-32.124368,25.510988,65.985668
07/04/2013 18:48:15,-32.128287,25.51918,67.389618
07/04/2013 18:47:44,-32.13253,25.52804,70.542753
07/04/2013 18:47:13,-32.136813,25.53698,68.252702
07/04/2013 18:46:43,-32.14067,25.545873,67.401126
07/04/2013 18:46:12,-32.142525,25.555448,66.227331
07/04/2013 18:45:40,-32.144348,25.564857,65.180123
07/04/2013 18:45:09,-32.146043,25.573672,55.513579
07/04/2013 18:44:39,-32.146613,25.579808,24.408023
07/04/2013 18:44:07,-32.15174,25.584255,65.168615
07/04/2013 18:43:37,-32.1573,25.58883,39.356642
07/04/2013 18:43:06,-32.15854,25.593665,38.528081
07/04/2013 18:42:35,-32.15879,25.599868,47.043846
07/04/2013 18:42:04,-32.163083,25.604197,44.845858
07/04/2013 18:41:33,-32.165788,25.609937,47.504157
07/04/2013 18:41:02,-32.16519,25.615015,24.592147
07/04/2013 18:40:31,-32.166403,25.61608,5.753895
07/04/2013 18:40:00,-32.166355,25.61617,0
07/04/2013 18:39:29,-32.166353,25.61617,0
07/04/2013 18:38:58,-32.166353,25.61617,0
07/04/2013 18:38:27,-32.166353,25.61617,0
07/04/2013 18:37:56,-32.166353,25.61617,0
07/04/2013 18:37:26,-32.166353,25.61617,0
07/04/2013 18:36:55,-32.166353,25.616168,0
07/04/2013 18:36:24,-32.166353,25.616167,0
07/04/2013 18:35:53,-32.166353,25.616167,0
07/04/2013 18:35:22,-32.166362,25.616157,0
07/04/2013 18:34:52,-32.166362,25.616157,0
07/04/2013 18:34:20,-32.166362,25.616155,0
07/04/2013 18:33:49,-32.166363,25.616155,0
07/04/2013 18:33:18,-32.166365,25.616153,0
07/04/2013 18:32:47,-32.166365,25.616153,0
07/04/2013 18:32:17,-32.166373,25.616147,0
07/04/2013 18:31:46,-32.166373,25.616145,0
07/04/2013 18:31:14,-32.16637,25.616137,0
07/04/2013 18:30:44,-32.166368,25.616135,0
07/04/2013 18:30:13,-32.166367,25.616133,0
07/04/2013 18:29:42,-32.166365,25.616132,0
07/04/2013 18:29:11,-32.166365,25.616132,0
07/04/2013 18:28:40,-32.166363,25.616133,0
07/04/2013 18:28:09,-32.166362,25.616133,0
07/04/2013 18:27:38,-32.166362,25.616133,0
07/04/2013 18:27:07,-32.16636,25.616135,0
07/04/2013 18:26:36,-32.166358,25.616135,0
07/04/2013 18:26:05,-32.166357,25.616135,0
07/04/2013 18:25:35,-32.166357,25.616135,0
07/04/2013 18:25:04,-32.166355,25.616133,0
07/04/2013 18:24:32,-32.166355,25.616135,0
07/04/2013 18:24:02,-32.166353,25.616137,0.195632
07/04/2013 18:23:32,-32.166353,25.616138,0
07/04/2013 18:23:00,-32.166352,25.616138,0
07/04/2013 18:22:29,-32.16635,25.616138,0
07/04/2013 18:21:58,-32.166342,25.616132,0
07/04/2013 18:21:27,-32.16634,25.616132,0
07/04/2013 18:20:56,-32.166338,25.61613,0
07/04/2013 18:20:26,-32.166335,25.616132,0
07/04/2013 18:19:55,-32.166333,25.616132,0
07/04/2013 18:19:53,-32.166333,25.616135,0
07/04/2013 18:18:52,-32.166327,25.61614,0
07/04/2013 18:18:21,-32.166322,25.616152,2.163465
07/04/2013 18:17:50,-32.16713,25.616188,17.250177
07/04/2013 18:17:19,-32.17014,25.617397,25.524278
07/04/2013 18:16:49,-32.16977,25.620417,28.458765
07/04/2013 18:16:17,-32.170508,25.622812,37.952691
07/04/2013 18:15:47,-32.173275,25.628245,47.055353
07/04/2013 18:15:15,-32.174927,25.6331,14.051012
07/04/2013 18:14:44,-32.172265,25.636392,57.711567
07/04/2013 18:14:13,-32.170707,25.645643,65.237662
07/04/2013 18:13:42,-32.169163,25.65485,68.252702
07/04/2013 18:13:11,-32.16758,25.664285,68.874123
07/04/2013 18:12:41,-32.165893,25.67434,70.312597
07/04/2013 18:12:10,-32.164203,25.684442,65.962652
07/04/2013 18:11:39,-32.16259,25.694002,74.455401
07/04/2013 18:11:08,-32.160842,25.704478,69.645145
07/04/2013 18:10:37,-32.158743,25.7142,68.022547
07/04/2013 18:10:18,-32.156465,25.723707,66.871768
07/04/2013 17:26:09,-31.982577,26.328487,47.158923
07/04/2013 17:26:07,-31.978455,26.33395,50.243011
07/04/2013 17:26:05,-31.974282,26.339492,55.686196
07/04/2013 17:26:03,-31.970538,26.344398,58.194894
07/04/2013 17:25:33,-31.964378,26.352068,56.123492
07/04/2013 17:25:30,-31.960108,26.35704,37.38881
07/04/2013 17:25:27,-31.956185,26.361382,57.677043
07/04/2013 17:22:22,-31.950823,26.367277,65.249169
07/04/2013 17:21:52,-31.944675,26.37403,67.792391
07/04/2013 17:21:21,-31.93901,26.381027,63.453954
07/04/2013 17:20:55,-31.934855,26.388517,66.96383
07/04/2013 17:20:18,-31.934072,26.398345,69.806254
07/04/2013 17:20:10,-31.933573,26.408812,71.670516
07/04/2013 17:20:08,-31.933062,26.419353,72.959389
07/04/2013 17:20:06,-31.934922,26.42967,70.289581
07/04/2013 17:20:04,-31.937332,26.439232,64.547194
07/04/2013 17:20:01,-31.936662,26.44774,62.763487
07/04/2013 17:19:59,-31.933193,26.456145,58.919885
07/04/2013 17:19:57,-31.929828,26.464278,68.298734
07/04/2013 17:19:55,-31.927957,26.471373,66.399948
07/04/2013 17:17:42,-31.924105,26.488328,46.882736
07/04/2013 17:17:27,-31.924452,26.495322,49.909285
07/04/2013 17:14:16,-31.92491,26.502095,48.482319
07/04/2013 17:13:45,-31.925353,26.508572,46.307347
07/04/2013 17:13:14,-31.925772,26.514763,38.125308
07/04/2013 17:12:43,-31.926172,26.520675,38.804268
07/04/2013 17:12:12,-31.926507,26.52584,25.731418
07/04/2013 17:11:41,-31.926378,26.53087,42.475253
07/04/2013 17:11:10,-31.925253,26.538005,53.913996
07/04/2013 17:10:39,-31.923947,26.545553,49.932301
07/04/2013 17:10:25,-31.922808,26.552193,44.926412
07/04/2013 17:10:23,-31.92162,26.559032,50.185472
07/04/2013 17:10:21,-31.920462,26.565672,45.605372
07/04/2013 17:10:19,-31.919393,26.571987,39.586798
07/04/2013 17:10:17,-31.918875,26.576782,29.390896
07/04/2013 17:07:21,-31.918562,26.579837,0
07/04/2013 17:06:51,-31.9184,26.581288,39.724891
07/04/2013 17:06:19,-31.917707,26.587832,55.640165
07/04/2013 17:05:49,-31.916805,26.596377,64.351562
07/04/2013 17:05:17,-31.91585,26.605415,53.4767
07/04/2013 17:04:46,-31.915033,26.612995,58.379019
07/04/2013 17:04:15,-31.914437,26.621368,51.301728
07/04/2013 17:03:45,-31.916667,26.629045,55.824289
07/04/2013 17:03:14,-31.918772,26.635332,33.729332
07/04/2013 17:02:44,-31.920718,26.641042,48.275179
07/04/2013 17:02:12,-31.923073,26.647792,50.576737
07/04/2013 17:01:41,-31.925183,26.653848,36.330093
07/04/2013 17:01:11,-31.926967,26.659107,43.211751
07/04/2013 17:00:40,-31.929212,26.665623,49.218818
07/04/2013 17:00:08,-31.931528,26.672358,49.31088
07/04/2013 16:59:38,-31.933755,26.678853,50.104918
07/04/2013 16:59:07,-31.9362,26.686072,52.579093
07/04/2013 16:58:36,-31.93839,26.692352,38.148324
07/04/2013 16:58:34,-31.940328,26.697782,43.798649
07/04/2013 16:57:33,-31.942185,26.704267,47.262494
07/04/2013 16:57:03,-31.941928,26.711845,55.996906
07/04/2013 16:56:32,-31.94122,26.719623,50.795385
07/04/2013 16:56:02,-31.940617,26.726198,38.700698
07/04/2013 16:56:00,-31.940143,26.731243,27.722266
07/04/2013 16:55:00,-31.939865,26.73409,20.207679
07/04/2013 16:54:30,-31.93953,26.737683,21.300919
07/04/2013 16:53:58,-31.939302,26.740063,23.291767
07/04/2013 16:53:27,-31.93912,26.742037,15.535516
07/04/2013 16:52:56,-31.938822,26.745405,22.187019
07/04/2013 16:52:24,-31.938042,26.750408,31.381743
07/04/2013 16:51:53,-31.93786,26.755662,38.89633
07/04/2013 16:51:23,-31.9374,26.760785,31.186111
07/04/2013 16:50:53,-31.937088,26.764255,11.910563
07/04/2013 16:50:21,-31.936745,26.766817,19.125947
07/04/2013 16:49:52,-31.936083,26.768897,17.146607
07/04/2013 16:49:49,-31.935382,26.770342,18.43548
07/04/2013 16:48:48,-31.934022,26.772177,4.994381
07/04/2013 16:48:18,-31.933522,26.772805,4.06225
07/04/2013 16:47:47,-31.934365,26.773862,16.364077
07/04/2013 16:47:15,-31.935393,26.775017,0.31071
07/04/2013 16:46:44,-31.935393,26.775013,0
07/04/2013 16:46:14,-31.935395,26.775013,0
07/04/2013 16:45:43,-31.935395,26.775012,0
07/04/2013 16:45:41,-31.935395,26.775012,0
07/04/2013 16:44:42,-31.935395,26.775012,0
07/04/2013 16:44:10,-31.935393,26.77501,0
07/04/2013 16:43:39,-31.935393,26.77501,0
07/04/2013 16:43:08,-31.935393,26.77501,0
07/04/2013 16:42:36,-31.935393,26.775008,0
07/04/2013 16:42:07,-31.935393,26.775008,0
07/04/2013 16:42:05,-31.935393,26.775007,0
07/04/2013 16:41:07,-31.935393,26.775007,0
07/04/2013 16:40:33,-31.935392,26.775007,0
07/04/2013 16:40:05,-31.935392,26.775005,0
07/04/2013 16:39:34,-31.935392,26.775005,0
07/04/2013 16:39:00,-31.93539,26.775005,0
07/04/2013 16:38:29,-31.93539,26.775005,0
07/04/2013 16:37:57,-31.93539,26.775005,0
07/04/2013 16:37:48,-31.93539,26.775003,0
07/04/2013 16:36:56,-31.93539,26.775003,0
07/04/2013 16:36:25,-31.935392,26.775003,0
07/04/2013 16:35:54,-31.935392,26.775002,0
07/04/2013 16:35:24,-31.935392,26.775,0
07/04/2013 16:34:53,-31.935392,26.775,0
07/04/2013 16:34:51,-31.935392,26.775,0
07/04/2013 16:33:52,-31.935698,26.775363,23.073119
07/04/2013 16:33:20,-31.938478,26.77881,29.598036
07/04/2013 16:32:49,-31.94009,26.781513,25.685387
07/04/2013 16:32:17,-31.941335,26.784505,28.37821
07/04/2013 16:31:46,-31.945517,26.78426,34.385277
07/04/2013 16:31:16,-31.948265,26.783793,34.21266
07/04/2013 16:30:45,-31.954073,26.782845,39.483227
07/04/2013 16:30:14,-31.956662,26.786408,16.904944
07/04/2013 16:29:43,-31.958863,26.791047,48.816045
07/04/2013 16:29:12,-31.96055,26.79709,37.101115
07/04/2013 16:28:43,-31.961362,26.800415,22.12948
07/04/2013 16:28:21,-31.962653,26.805757,32.613077
07/04/2013 16:28:19,-31.963357,26.80867,30.56469
07/04/2013 16:28:17,-31.964888,26.812547,42.670885
07/04/2013 16:26:48,-31.967077,26.817273,34.592417
07/04/2013 16:26:16,-31.967637,26.819473,20.368788
07/04/2013 16:25:47,-31.96357,26.822447,51.255697
07/04/2013 16:25:14,-31.956115,26.824732,68.874123
07/04/2013 16:24:43,-31.947843,26.825637,67.37811
07/04/2013 16:24:12,-31.940062,26.826475,56.848483
07/04/2013 16:23:42,-31.932925,26.827228,57.895691
07/04/2013 16:23:11,-31.925568,26.828195,55.985398
07/04/2013 16:22:40,-31.920437,26.832877,53.246544
07/04/2013 16:22:09,-31.915623,26.838308,50.484675
07/04/2013 16:21:37,-31.909927,26.841613,53.557255
07/04/2013 16:21:34,-31.904678,26.846408,55.340962
07/04/2013 16:21:32,-31.898355,26.849573,58.620682
07/04/2013 16:21:30,-31.895462,26.854653,55.283423
07/04/2013 16:18:41,-31.894675,26.867265,0
07/04/2013 16:18:39,-31.894688,26.867245,0
07/04/2013 16:17:11,-31.894687,26.867247,0
07/04/2013 16:16:40,-31.894685,26.867247,0
07/04/2013 16:16:09,-31.894683,26.867247,0
07/04/2013 16:15:38,-31.894682,26.867247,0
07/04/2013 16:15:07,-31.894678,26.867245,0
07/04/2013 16:14:37,-31.894668,26.86725,0
07/04/2013 16:14:06,-31.894668,26.86725,0
07/04/2013 16:13:34,-31.894668,26.86725,0
07/04/2013 16:13:03,-31.894668,26.86725,0
07/04/2013 16:12:32,-31.89467,26.86725,0
07/04/2013 16:12:02,-31.894668,26.86725,0
07/04/2013 16:11:31,-31.89467,26.86725,0
07/04/2013 16:11:01,-31.89467,26.867247,0
07/04/2013 16:10:29,-31.894672,26.867247,0
07/04/2013 16:09:59,-31.894672,26.867247,0
07/04/2013 16:09:27,-31.894672,26.867247,0
07/04/2013 16:08:56,-31.89467,26.867247,0
07/04/2013 16:08:25,-31.89467,26.867247,0
07/04/2013 16:07:54,-31.89468,26.867262,1.496013
07/04/2013 16:07:23,-31.894728,26.867315,0
07/04/2013 16:06:52,-31.894725,26.867315,0
07/04/2013 16:06:22,-31.894725,26.867315,0
07/04/2013 16:05:50,-31.894723,26.867315,0
07/04/2013 16:05:19,-31.894723,26.867317,0
07/04/2013 16:04:48,-31.894723,26.867317,0
07/04/2013 16:04:17,-31.894722,26.867315,0
07/04/2013 16:03:47,-31.894722,26.867315,0
07/04/2013 16:03:15,-31.894722,26.867315,0
07/04/2013 16:02:45,-31.894722,26.867315,0
07/04/2013 16:02:14,-31.894722,26.867315,0
07/04/2013 16:01:44,-31.89472,26.867317,0
07/04/2013 16:01:12,-31.894712,26.867318,0
07/04/2013 16:00:41,-31.894712,26.867318,0
07/04/2013 16:00:11,-31.89471,26.86732,0
07/04/2013 15:59:39,-31.89471,26.86732,0
07/04/2013 15:59:09,-31.894708,26.86732,0
07/04/2013 15:58:38,-31.894708,26.867322,0
07/04/2013 15:58:07,-31.894707,26.867323,0
07/04/2013 15:57:35,-31.894705,26.867323,0
07/04/2013 15:57:25,-31.894705,26.867325,0
07/04/2013 15:56:34,-31.894703,26.867325,0
07/04/2013 15:56:04,-31.894703,26.867327,0
07/04/2013 15:56:03,-31.894702,26.867327,0
07/04/2013 15:55:01,-31.8947,26.867328,0
07/04/2013 15:54:31,-31.894698,26.86733,0
07/04/2013 15:54:00,-31.894697,26.867332,0
07/04/2013 15:53:29,-31.894695,26.867333,0
07/04/2013 15:52:57,-31.894693,26.867335,0
07/04/2013 15:52:27,-31.89469,26.867338,0
07/04/2013 15:51:56,-31.894688,26.86734,0
07/04/2013 15:51:25,-31.894688,26.86734,0
07/04/2013 15:50:54,-31.894688,26.86734,0
07/04/2013 15:50:23,-31.894688,26.86734,0
07/04/2013 15:49:51,-31.894688,26.867338,0
07/04/2013 15:49:20,-31.894688,26.867338,0
07/04/2013 15:48:49,-31.894688,26.867338,0
07/04/2013 15:48:18,-31.89469,26.86734,0
07/04/2013 15:47:47,-31.89469,26.867342,0
07/04/2013 15:47:17,-31.894688,26.867343,0
07/04/2013 15:46:46,-31.894687,26.867343,0
07/04/2013 15:46:16,-31.894688,26.867338,0
07/04/2013 15:45:44,-31.894688,26.867338,0
07/04/2013 15:45:13,-31.894688,26.86734,0
07/04/2013 15:44:54,-31.894687,26.86734,0
07/04/2013 15:44:52,-31.894687,26.86734,0
07/04/2013 15:44:50,-31.894682,26.867328,0.069047
07/04/2013 15:33:37,-31.926893,26.935402,60.438913
07/04/2013 15:33:07,-31.930587,26.943053,62.751979
07/04/2013 15:32:35,-31.93467,26.95131,63.246814
07/04/2013 15:32:11,-31.939643,26.958505,60.450421
07/04/2013 15:31:33,-31.945548,26.963343,56.618327
07/04/2013 15:31:03,-31.951655,26.967968,60.197249
07/04/2013 15:30:31,-31.95775,26.971922,55.513579
07/04/2013 15:30:04,-31.964818,26.97411,62.947611
07/04/2013 15:29:30,-31.971833,26.978757,62.165082
07/04/2013 15:28:59,-31.977473,26.983533,48.079547
07/04/2013 15:28:39,-31.981678,26.987732,37.227701
07/04/2013 15:28:37,-31.98411,26.990137,1.66863
07/04/2013 15:28:35,-31.984123,26.990155,0.069047
07/04/2013 15:21:26,-32.006298,27.00898,67.044385
07/04/2013 15:21:24,-32.005998,27.019112,62.832533
07/04/2013 15:21:22,-32.005738,27.028298,64.558702
07/04/2013 15:21:20,-32.005428,27.038568,73.730411
07/04/2013 15:21:18,-32.005115,27.049032,71.405837
07/04/2013 15:21:16,-32.004822,27.05888,61.417075
07/04/2013 15:21:13,-32.00454,27.067945,56.135
07/04/2013 15:21:11,-32.00432,27.076058,55.156837
07/04/2013 15:21:09,-32.00406,27.084623,57.700059
07/04/2013 15:21:07,-32.00457,27.09352,65.651942
07/04/2013 15:15:42,-32.007093,27.112658,61.888895
07/04/2013 15:15:36,-32.005115,27.12069,55.847305
07/04/2013 15:15:34,-32.003453,27.127553,45.939098
07/04/2013 15:15:32,-32.003805,27.133635,39.057439
07/04/2013 15:15:28,-32.004193,27.139798,49.943809
07/04/2013 15:15:26,-32.004753,27.148558,66.008683
07/04/2013 15:12:21,-32.005448,27.158638,72.844311
07/04/2013 15:11:55,-32.008515,27.168895,73.120498
07/04/2013 15:11:24,-32.012215,27.179538,81.498169
07/04/2013 15:10:47,-32.016033,27.190545,78.874393
07/04/2013 15:10:15,-32.019385,27.200192,61.831356
07/04/2013 15:09:45,-32.022288,27.208478,60.323835
07/04/2013 15:09:14,-32.023303,27.216323,49.10374
07/04/2013 15:08:43,-32.023325,27.2245,61.739293
07/04/2013 15:08:12,-32.023342,27.233538,60.968271
07/04/2013 15:07:41,-32.023343,27.24214,55.651672
07/04/2013 15:07:11,-32.023373,27.250303,56.75642
07/04/2013 15:06:38,-32.023387,27.25919,64.040851
07/04/2013 15:06:27,-32.02341,27.268207,61.635723
07/04/2013 15:05:37,-32.023442,27.277675,66.353917
07/04/2013 15:05:07,-32.023453,27.286998,64.409101
07/04/2013 15:04:36,-32.022877,27.297233,74.489925
07/04/2013 15:04:04,-32.020863,27.307733,72.947881
07/04/2013 15:03:33,-32.018837,27.318298,74.823651
07/04/2013 15:03:03,-32.016857,27.328657,67.37811
07/04/2013 15:02:32,-32.015057,27.338022,64.224976
07/04/2013 15:02:01,-32.013372,27.346872,61.336521
07/04/2013 15:01:30,-32.011433,27.356918,76.170062
07/04/2013 15:00:59,-32.009495,27.366997,65.410278
07/04/2013 15:00:36,-32.007705,27.376407,69.944348
07/04/2013 14:59:59,-32.004735,27.385962,66.515026
07/04/2013 14:59:26,-32.001022,27.395242,74.064136
07/04/2013 14:58:55,-31.997132,27.404853,71.497899
07/04/2013 14:58:24,-31.993437,27.413992,70.070933
07/04/2013 14:57:53,-31.989748,27.4232,70.278074
07/04/2013 14:57:22,-31.986337,27.431625,50.783877
07/04/2013 14:56:51,-31.984385,27.43485,0
07/04/2013 14:56:20,-31.984387,27.43485,0
07/04/2013 14:55:50,-31.98434,27.434943,17.491841
07/04/2013 14:55:18,-31.980157,27.438658,61.900402
07/04/2013 14:54:48,-31.973583,27.444832,74.501432
07/04/2013 14:54:18,-31.966733,27.452068,71.635993
07/04/2013 14:53:46,-31.965982,27.462907,76.733944
07/04/2013 14:53:14,-31.963758,27.473692,69.438005
07/04/2013 14:52:44,-31.963737,27.48416,77.68909
07/04/2013 14:52:14,-31.964462,27.495375,76.526803
07/04/2013 14:51:43,-31.965152,27.506377,80.025172
07/04/2013 14:51:10,-31.969118,27.516478,77.228779
07/04/2013 14:50:59,-31.973725,27.524988,59.978601
07/04/2013 14:50:09,-31.977153,27.531915,49.633098
07/04/2013 14:49:38,-31.980515,27.539478,69.886809
07/04/2013 14:49:08,-31.982278,27.548323,55.45604
07/04/2013 14:48:38,-31.985443,27.554295,42.348667
07/04/2013 14:48:06,-31.98931,27.559492,56.894514
07/04/2013 14:47:35,-31.99364,27.565245,51.934656
07/04/2013 14:47:04,-31.998442,27.571692,59.690907
07/04/2013 14:46:34,-32.002793,27.576567,36.859451
07/04/2013 14:46:32,-32.006058,27.579122,26.421886
07/04/2013 14:45:31,-32.008622,27.581112,22.854471
07/04/2013 14:45:01,-32.009335,27.581672,0
07/04/2013 14:44:30,-32.009335,27.581672,0
07/04/2013 14:43:58,-32.009335,27.581672,0
07/04/2013 14:43:27,-32.009335,27.581672,0
07/04/2013 14:42:57,-32.009337,27.581672,0
07/04/2013 14:42:55,-32.009337,27.58167,0
07/04/2013 14:41:55,-32.009337,27.581668,0
07/04/2013 14:41:24,-32.009335,27.581668,0
07/04/2013 14:40:53,-32.009335,27.581667,0
07/04/2013 14:40:23,-32.009335,27.581665,0
07/04/2013 14:39:51,-32.009335,27.581663,0
07/04/2013 14:39:20,-32.009332,27.581652,0
07/04/2013 14:38:49,-32.00933,27.581648,0
07/04/2013 14:38:19,-32.01012,27.582517,47.170431
07/04/2013 14:37:48,-32.012952,27.58907,59.219087
07/04/2013 14:37:16,-32.015697,27.598227,65.134091
07/04/2013 14:36:45,-32.018002,27.606238,54.063597
07/04/2013 14:36:14,-32.017948,27.613465,52.671155
07/04/2013 14:35:45,-32.017378,27.621622,57.285779
07/04/2013 14:35:13,-32.016813,27.629978,59.679399
07/04/2013 14:34:42,-32.016165,27.639313,61.49763
07/04/2013 14:34:10,-32.015577,27.6477,58.781791
07/04/2013 14:33:40,-32.014952,27.656692,69.472528
07/04/2013 14:33:09,-32.014507,27.666228,62.073019
07/04/2013 14:32:39,-32.01625,27.673532,37.90666
07/04/2013 14:32:07,-32.018042,27.680765,57.941723
07/04/2013 14:31:36,-32.020052,27.688733,52.038226
07/04/2013 14:31:05,-32.021802,27.695722,50.346581
07/04/2013 14:30:34,-32.021618,27.703525,57.308794
07/04/2013 14:30:03,-32.020277,27.712122,60.876209
07/04/2013 14:29:32,-32.01892,27.720795,58.862346
07/04/2013 14:29:01,-32.01769,27.728683,57.009592
07/04/2013 14:28:30,-32.016363,27.737175,58.586159
07/04/2013 14:27:59,-32.015165,27.744933,49.253341
07/04/2013 14:27:28,-32.012072,27.751085,49.034693
07/04/2013 14:26:59,-32.008092,27.756625,49.368419
07/04/2013 14:26:32,-32.009822,27.762913,49.817223
07/04/2013 14:25:55,-32.008833,27.77071,50.254519
07/04/2013 14:25:23,-32.00534,27.77718,64.363069
07/04/2013 14:25:20,-31.997983,27.78139,61.969449
07/04/2013 14:25:18,-31.991655,27.784993,52.17632
07/04/2013 14:23:53,-31.988393,27.791225,57.343318
07/04/2013 14:23:22,-31.984063,27.79745,49.333896
07/04/2013 14:23:20,-31.97917,27.801588,52.084258
07/04/2013 14:22:19,-31.974645,27.808302,66.75669
07/04/2013 14:21:48,-31.969852,27.815857,70.519737
07/04/2013 14:21:17,-31.961953,27.821853,72.832803
07/04/2013 14:20:46,-31.955525,27.82678,69.242372
07/04/2013 14:20:15,-31.948007,27.832528,66.515026
07/04/2013 14:19:44,-31.940815,27.836872,58.171878
07/04/2013 14:19:13,-31.932907,27.837372,64.029344
07/04/2013 14:18:42,-31.925313,27.837728,62.061511
07/04/2013 14:18:13,-31.91705,27.838108,69.507052
07/04/2013 14:17:41,-31.909013,27.837985,63.143244
07/04/2013 14:17:10,-31.901145,27.836185,61.440091
07/04/2013 14:16:39,-31.895382,27.839482,49.161279
07/04/2013 14:16:08,-31.889848,27.842848,48.816045
07/04/2013 14:15:37,-31.882807,27.845685,63.672602
07/04/2013 14:15:06,-31.875098,27.848798,63.177767
07/04/2013 14:14:35,-31.868342,27.851527,62.349206
07/04/2013 14:14:04,-31.860963,27.854483,54.615971
07/04/2013 14:13:33,-31.855292,27.858127,52.843772
07/04/2013 14:13:02,-31.849635,27.862408,50.231503
07/04/2013 14:12:31,-31.84495,27.865942,38.850299
07/04/2013 14:12:00,-31.839107,27.870363,61.083349
07/04/2013 14:11:29,-31.832768,27.875168,55.076283
07/04/2013 14:10:59,-31.827447,27.879205,48.11407
07/04/2013 14:10:28,-31.822648,27.882833,40.726069
07/04/2013 14:09:57,-31.819047,27.885558,22.497729
07/04/2013 14:09:26,-31.818537,27.885997,0
07/04/2013 14:08:55,-31.81854,27.885997,0
07/04/2013 14:08:24,-31.818542,27.885995,0
07/04/2013 14:07:53,-31.81672,27.887293,55.536595
07/04/2013 14:07:22,-31.811143,27.893213,65.214646
07/04/2013 14:06:51,-31.805235,27.899947,66.664627
07/04/2013 14:06:20,-31.799638,27.906282,55.55961
07/04/2013 14:05:50,-31.794845,27.911772,65.08806
07/04/2013 14:05:18,-31.788983,27.918503,66.043207
07/04/2013 14:04:47,-31.783143,27.92519,65.260677
07/04/2013 14:04:17,-31.777095,27.930995,58.988932
07/04/2013 14:03:45,-31.769822,27.933592,65.548372
07/04/2013 14:03:15,-31.76306,27.938565,63.99482
07/04/2013 14:02:44,-31.75737,27.943422,40.714561
07/04/2013 14:02:13,-31.753118,27.945833,41.635184
07/04/2013 14:01:43,-31.748148,27.948578,46.928768
07/04/2013 14:01:12,-31.742282,27.949675,50.024363
07/04/2013 14:00:40,-31.736653,27.948688,49.840238
07/04/2013 13:59:59,-31.72423,27.955638,41.370505
07/04/2013 13:59:57,-31.721505,27.957533,25.788957
07/04/2013 13:58:36,-31.718013,27.959092,32.451968
07/04/2013 13:58:05,-31.714057,27.960572,33.280529
07/04/2013 13:57:43,-31.710653,27.96323,33.199974
07/04/2013 13:57:03,-31.707045,27.96608,33.775364
07/04/2013 13:56:32,-31.702143,27.97001,43.119689
07/04/2013 13:56:01,-31.699488,27.97394,43.073658
07/04/2013 13:55:30,-31.697517,27.97993,52.07275
07/04/2013 13:54:59,-31.69199,27.985152,54.500893
07/04/2013 13:54:28,-31.68734,27.987222,31.174603
07/04/2013 13:53:58,-31.682723,27.989107,55.35247
07/04/2013 13:53:37,-31.67764,27.99014,53.26956
07/04/2013 13:53:35,-31.67611,27.996328,39.414181
07/04/2013 13:53:33,-31.676885,27.9993,19.229517
07/04/2013 13:51:48,-31.67672,28.000478,29.229787
07/04/2013 13:51:17,-31.675522,28.001613,10.472089
07/04/2013 13:50:46,-31.675072,28.001903,1.841246
07/04/2013 13:50:16,-31.67505,28.001887,0
07/04/2013 13:49:45,-31.67505,28.001882,0
07/04/2013 13:49:13,-31.675047,28.001878,0
07/04/2013 13:48:42,-31.675047,28.001878,0
07/04/2013 13:48:11,-31.675045,28.001878,0
07/04/2013 13:47:40,-31.675045,28.001877,0
07/04/2013 13:47:09,-31.675033,28.00187,0
07/04/2013 13:46:38,-31.675048,28.001872,3.371782
07/04/2013 13:46:07,-31.674725,28.00364,4.798748
07/04/2013 13:45:37,-31.674592,28.006055,32.267843
07/04/2013 13:45:05,-31.675452,28.00976,27.676235
07/04/2013 13:44:35,-31.67755,28.014198,35.478517
07/04/2013 13:44:12,-31.677933,28.018898,34.695987
07/04/2013 13:44:10,-31.681025,28.022087,35.685657
07/04/2013 13:44:08,-31.683247,28.025728,33.130927
07/04/2013 13:44:06,-31.682007,28.030593,36.261046
07/04/2013 13:44:04,-31.68098,28.034345,37.688012
07/04/2013 13:43:28,-31.680602,28.041505,31.013494
07/04/2013 13:43:25,-31.680067,28.046318,37.883645
07/04/2013 13:43:22,-31.679272,28.052772,55.525087
07/04/2013 13:43:19,-31.67818,28.06056,55.398501
07/04/2013 13:43:16,-31.677277,28.067013,38.079277
07/04/2013 13:43:13,-31.676387,28.073138,52.187828
07/04/2013 13:43:10,-31.67532,28.080812,56.169523
07/04/2013 13:43:07,-31.674292,28.088165,46.560518
07/04/2013 13:43:04,-31.673485,28.093935,34.120597
07/04/2013 13:43:01,-31.672628,28.099015,42.728424
07/04/2013 13:42:58,-31.671633,28.106187,53.26956
07/04/2013 13:35:55,-31.672633,28.113302,50.024363
07/04/2013 13:35:53,-31.673698,28.120798,49.874762
07/04/2013 13:34:42,-31.671393,28.127663,54.339784
07/04/2013 13:34:12,-31.66784,28.134557,61.543661
07/04/2013 13:33:40,-31.664707,28.142827,58.574651
07/04/2013 13:33:09,-31.664655,28.150923,56.583803
07/04/2013 13:32:38,-31.665232,28.159358,51.750532
07/04/2013 13:32:07,-31.665133,28.166818,52.889803
07/04/2013 13:31:37,-31.66479,28.17469,55.410009
07/04/2013 13:31:05,-31.664425,28.182767,47.527173
07/04/2013 13:30:34,-31.664118,28.18998,49.471989
07/04/2013 13:30:09,-31.663765,28.198125,61.49763
07/04/2013 13:29:32,-31.663405,28.206467,54.903666
07/04/2013 13:29:02,-31.663067,28.213965,47.055353
07/04/2013 13:28:41,-31.662757,28.22101,52.003703
07/04/2013 13:28:04,-31.662468,28.227138,33.01585
07/04/2013 13:27:29,-31.662422,28.22909,0
07/04/2013 13:26:58,-31.662422,28.22909,0
07/04/2013 13:26:27,-31.66221,28.23373,62.406745
07/04/2013 13:25:56,-31.661783,28.243085,55.881828
07/04/2013 13:25:25,-31.661438,28.250663,58.298464
07/04/2013 13:24:54,-31.66112,28.257832,35.685657
07/04/2013 13:24:23,-31.660933,28.26336,51.002525
07/04/2013 13:23:54,-31.661143,28.270775,48.827553
07/04/2013 13:23:22,-31.661342,28.278193,51.589423
07/04/2013 13:22:51,-31.66183,28.284717,39.195533
07/04/2013 13:22:20,-31.660417,28.290663,47.262494
07/04/2013 13:21:48,-31.657757,28.296068,39.068947
07/04/2013 13:21:18,-31.653512,28.299108,45.006967
07/04/2013 13:20:47,-31.652307,28.30649,63.166259
07/04/2013 13:20:16,-31.651863,28.315027,54.846127
07/04/2013 13:19:45,-31.651292,28.32376,60.461929
07/04/2013 13:19:15,-31.65033,28.33247,52.17632
07/04/2013 13:18:43,-31.649112,28.339525,49.759684
07/04/2013 13:18:12,-31.64777,28.347382,55.294931
07/04/2013 13:17:42,-31.646268,28.35599,63.269829
07/04/2013 13:17:10,-31.644893,28.363957,49.98984
07/04/2013 13:16:39,-31.642447,28.370488,51.646962
07/04/2013 13:16:08,-31.638955,28.376838,51.739024
07/04/2013 13:15:37,-31.633985,28.382943,61.647231
07/04/2013 13:15:06,-31.628637,28.389047,58.586159
07/04/2013 13:14:36,-31.623893,28.394428,41.312966
07/04/2013 13:14:04,-31.61957,28.397778,54.454862
07/04/2013 13:13:41,-31.61627,28.403478,55.317947
07/04/2013 13:13:39,-31.615293,28.412025,59.334165
07/04/2013 13:13:37,-31.614992,28.421042,64.926951
07/04/2013 13:13:35,-31.615537,28.429815,62.326191
07/04/2013 13:13:33,-31.615987,28.436887,66.330902
07/04/2013 13:12:57,-31.617893,28.450872,73.408192
07/04/2013 13:12:54,-31.619673,28.460842,65.065045
07/04/2013 13:12:51,-31.61561,28.468903,64.524179
07/04/2013 13:12:48,-31.614752,28.47704,51.877117
07/04/2013 13:12:45,-31.613707,28.485078,66.940814
07/04/2013 13:12:42,-31.607472,28.49071,69.403481
07/04/2013 13:12:39,-31.599882,28.495213,58.781791
07/04/2013 13:12:36,-31.59536,28.501493,59.978601
07/04/2013 13:12:33,-31.590583,28.508258,59.04647
07/04/2013 13:12:30,-31.586363,28.515978,61.865879
07/04/2013 13:12:27,-31.583193,28.524493,66.457487
07/04/2013 13:05:13,-31.579343,28.5329,66.595581
07/04/2013 13:04:42,-31.574873,28.540795,63.914266
07/04/2013 13:04:11,-31.569795,28.547593,57.021099
07/04/2013 13:03:40,-31.564892,28.553448,60.830178
07/04/2013 13:03:09,-31.559287,28.560098,64.236484
07/04/2013 13:02:38,-31.555463,28.567717,58.52862
07/04/2013 13:02:07,-31.553795,28.5768,57.84966
07/04/2013 13:01:36,-31.557098,28.583963,54.811604
07/04/2013 13:01:05,-31.554972,28.589923,41.025271
07/04/2013 13:00:34,-31.553505,28.59518,38.930854
07/04/2013 13:00:03,-31.553897,28.600868,42.44073
07/04/2013 12:59:32,-31.554338,28.607205,39.978062
07/04/2013 12:59:01,-31.554627,28.611245,8.285609
07/04/2013 12:58:38,-31.554822,28.613925,37.952691
07/04/2013 12:58:36,-31.555342,28.621667,53.867965
07/04/2013 12:58:34,-31.555982,28.63082,62.705948
07/04/2013 12:58:32,-31.556615,28.640103,71.12965
07/04/2013 12:58:30,-31.55717,28.647853,67.320571
07/04/2013 12:58:02,-31.557143,28.662482,67.527712
07/04/2013 12:57:59,-31.55697,28.672278,68.275718
07/04/2013 12:57:56,-31.558647,28.681358,62.613885
07/04/2013 12:57:53,-31.560615,28.689313,46.733135
07/04/2013 12:57:49,-31.562208,28.695627,45.904574
07/04/2013 12:57:43,-31.563835,28.702238,53.338607
07/04/2013 12:57:39,-31.567322,28.709435,58.137355
07/04/2013 12:57:37,-31.569998,28.716793,52.164812
07/04/2013 12:57:33,-31.571725,28.724685,59.242103
07/04/2013 12:57:30,-31.573262,28.733885,56.975068
07/04/2013 12:57:27,-31.57321,28.741117,34.719002
07/04/2013 12:57:24,-31.573193,28.743528,11.012955
07/04/2013 12:49:36,-31.57316,28.746462,40.219726
07/04/2013 12:49:06,-31.573542,28.752033,34.385277
07/04/2013 12:48:32,-31.576302,28.754523,26.721088
07/04/2013 12:48:02,-31.578298,28.758548,38.27491
07/04/2013 12:47:31,-31.579253,28.762982,22.44019
07/04/2013 12:47:00,-31.579865,28.76592,21.519567
07/04/2013 12:46:29,-31.580613,28.766647,0
07/04/2013 12:45:58,-31.580615,28.766647,0
07/04/2013 12:45:27,-31.580547,28.766753,8.366163
07/04/2013 12:44:56,-31.58044,28.766827,0
07/04/2013 12:44:25,-31.580428,28.76683,0.909115
07/04/2013 12:43:54,-31.580395,28.766838,0
07/04/2013 12:43:23,-31.580393,28.766838,0
07/04/2013 12:42:53,-31.580393,28.766838,0
07/04/2013 12:42:23,-31.580392,28.766838,0
07/04/2013 12:42:21,-31.580385,28.766838,0
07/04/2013 12:41:20,-31.580385,28.766838,0
07/04/2013 12:40:49,-31.580385,28.766837,0
07/04/2013 12:40:18,-31.580385,28.766837,0
07/04/2013 12:39:47,-31.580383,28.766837,0
07/04/2013 12:39:16,-31.580383,28.766838,0
07/04/2013 12:38:46,-31.580382,28.766837,0
07/04/2013 12:38:14,-31.580382,28.766837,0
07/04/2013 12:37:45,-31.580382,28.766837,0
07/04/2013 12:37:43,-31.580382,28.766837,0
07/04/2013 12:36:41,-31.580382,28.766837,0
07/04/2013 12:36:11,-31.580387,28.766842,0
07/04/2013 12:35:40,-31.58032,28.76696,0.437296
07/04/2013 12:35:09,-31.58032,28.766957,0
07/04/2013 12:34:39,-31.580322,28.766955,0
07/04/2013 12:34:07,-31.580322,28.766955,0
07/04/2013 12:33:36,-31.580323,28.766953,0
07/04/2013 12:33:05,-31.580323,28.76695,0
07/04/2013 12:32:34,-31.580327,28.766942,0
07/04/2013 12:32:03,-31.580327,28.766938,0
07/04/2013 12:31:32,-31.580328,28.766937,0
07/04/2013 12:31:01,-31.580328,28.766937,0
07/04/2013 12:30:30,-31.580328,28.766935,0
07/04/2013 12:30:00,-31.580327,28.766933,0
07/04/2013 12:29:30,-31.580327,28.766933,0
07/04/2013 12:29:28,-31.580325,28.766932,0
07/04/2013 12:28:27,-31.580325,28.766932,0
07/04/2013 12:27:56,-31.580325,28.76693,0
07/04/2013 12:27:35,-31.580287,28.767795,21.047748
07/04/2013 12:26:54,-31.581195,28.772183,34.362261
07/04/2013 12:26:22,-31.582578,28.776872,32.797201
07/04/2013 12:25:52,-31.585313,28.77921,9.689559
07/04/2013 12:25:21,-31.587322,28.781303,31.427774
07/04/2013 12:24:50,-31.588342,28.78511,20.380296
07/04/2013 12:24:19,-31.58838,28.7867,19.459673
07/04/2013 12:23:48,-31.588448,28.78756,0
07/04/2013 12:23:21,-31.588442,28.789418,17.802551
07/04/2013 12:22:46,-31.58849,28.790245,0
07/04/2013 12:22:33,-31.58851,28.790655,18.055723
07/04/2013 12:22:31,-31.589202,28.791467,19.321579
07/04/2013 11:48:50,-31.59159,28.791362,0
07/04/2013 11:48:19,-31.59159,28.79136,0
07/04/2013 11:47:48,-31.591587,28.79136,0
07/04/2013 11:47:17,-31.591755,28.790553,17.54938
07/04/2013 11:46:46,-31.59208,28.789847,11.622868
07/04/2013 11:46:15,-31.59275,28.789705,0
07/04/2013 11:45:44,-31.592775,28.789078,16.881928
07/04/2013 11:45:13,-31.59272,28.788077,0.034523
07/04/2013 11:44:54,-31.59267,28.786372,0
07/04/2013 11:44:53,-31.59267,28.786372,0
07/04/2013 11:44:50,-31.592673,28.786345,0.046031
07/04/2013 11:43:28,-31.592643,28.78616,20.380296
07/04/2013 11:42:56,-31.592565,28.783465,4.004711
07/04/2013 11:42:25,-31.592583,28.783303,12.094687
07/04/2013 11:41:53,-31.592432,28.778293,38.643159
07/04/2013 11:41:23,-31.593393,28.774295,18.021199
07/04/2013 11:40:52,-31.593043,28.770167,36.479694
07/04/2013 11:40:21,-31.593282,28.765283,21.24338
07/04/2013 11:39:50,-31.593865,28.761752,18.987853
07/04/2013 11:39:19,-31.5941,28.757813,25.30563
07/04/2013 11:38:51,-31.594017,28.756677,0
07/04/2013 11:38:17,-31.593912,28.755533,18.631112
07/04/2013 11:37:47,-31.594698,28.752092,10.541136
07/04/2013 11:37:27,-31.596028,28.749833,31.163095
07/04/2013 11:37:25,-31.596777,28.748617,2.301558
07/04/2013 11:37:23,-31.597375,28.747642,11.012955
07/04/2013 11:30:41,-31.65732,28.715175,20.794577
07/04/2013 11:30:38,-31.66049,28.715167,55.479056
07/04/2013 11:30:36,-31.666853,28.711912,54.098121
07/04/2013 11:28:51,-31.67844,28.707445,53.741379
07/04/2013 11:28:48,-31.683475,28.706313,55.04176
07/04/2013 11:20:53,-31.721555,28.690052,3.521384
07/04/2013 11:20:22,-31.721217,28.691848,32.670616
07/04/2013 11:19:51,-31.721908,28.694608,33.717825
07/04/2013 11:19:20,-31.725092,28.693173,31.531345
07/04/2013 11:18:49,-31.729747,28.694023,45.398232
07/04/2013 11:18:18,-31.734438,28.697732,43.211751
07/04/2013 11:17:47,-31.738717,28.701113,45.202599
07/04/2013 11:17:21,-31.743748,28.703998,61.819848
07/04/2013 11:16:55,-31.749488,28.709558,53.902488
07/04/2013 11:16:54,-31.754295,28.714942,53.108451
07/04/2013 11:15:44,-31.756232,28.721752,46.525995
07/04/2013 11:15:15,-31.759195,28.72763,58.160371
07/04/2013 11:15:13,-31.76485,28.73107,44.811334
07/04/2013 11:15:11,-31.76993,28.734335,42.95858
07/04/2013 11:15:09,-31.774422,28.73734,44.93792
07/04/2013 11:15:07,-31.779613,28.737827,47.066861
07/04/2013 11:12:38,-31.783963,28.740637,35.110267
07/04/2013 11:12:06,-31.786082,28.742003,9.896699
07/04/2013 11:11:35,-31.787125,28.74268,10.552643
07/04/2013 11:11:07,-31.789802,28.74441,42.222082
07/04/2013 11:10:34,-31.794765,28.744853,48.32121
07/04/2013 11:10:04,-31.800288,28.74666,46.353378
07/04/2013 11:09:32,-31.803032,28.751643,34.281706
07/04/2013 11:09:00,-31.806008,28.75513,34.431308
07/04/2013 11:08:58,-31.806923,28.759008,25.340154
07/04/2013 11:08:56,-31.807428,28.761842,21.50806